Periodicity;Date;Year;Quarter;Economic Activity;GDP in Million Saudi Riyal
Quarterly;2010-03;2010;Q1;Mining & Quarrying : Other Mining & Quarrying;2188.76
Quarterly;2010-03;2010;Q1;Construction;22579.99
Quarterly;2010-03;2010;Q1;Community, Social & Personal Services;9115.01
Quarterly;2010-06;2010;Q2;Mining & Quarrying;199180.95
Quarterly;2010-06;2010;Q2;Mining & Quarrying : Crude Petroleum & Natural Gas;197120.82
Quarterly;2010-06;2010;Q2;Manufacturing;52528.27
Quarterly;2010-06;2010;Q2;Wholesale & Retail Trade, Restaurants & hotels;38246.96
Quarterly;2010-09;2010;Q3;Government Services;60770.51
Quarterly;2010-09;2010;Q3;Gross Value Added;475768.12
Quarterly;2010-12;2010;Q4;Manufacturing;54167.95
Quarterly;2010-12;2010;Q4;Government Services;89890.99
Quarterly;2011-03;2011;Q1;Mining & Quarrying;271254.41
Quarterly;2011-03;2011;Q1;Electricity, Gas and Water;3380.29
Quarterly;2011-03;2011;Q1;Finance, Insurance, Real Estate & Business Services;50713.7
Quarterly;2011-03;2011;Q1;Finance, Insurance, Real Estate & Business Services : Real Estate;25145.26
Quarterly;2011-03;2011;Q1;Finance, Insurance, Real Estate & Business Services : Finance , Insurance and Business sevices;25568.43
Quarterly;2011-03;2011;Q1;Government Services;76263.45
Quarterly;2011-06;2011;Q2;Mining & Quarrying;305478.89
Quarterly;2011-06;2011;Q2;Mining & Quarrying : Crude Petroleum & Natural Gas;303263.5
Quarterly;2011-06;2011;Q2;Manufacturing;62596.61
Quarterly;2011-09;2011;Q3;Agriculture, Forestry & Fishing;13676.84
Quarterly;2011-09;2011;Q3;Mining & Quarrying;313372.98
Quarterly;2011-09;2011;Q3;Manufacturing;63951.31
Quarterly;2011-09;2011;Q3;Electricity, Gas and Water;11438.85
Quarterly;2011-09;2011;Q3;Transport, Storage & Communication;27319.83
Quarterly;2011-09;2011;Q3;Gross Domestic Product;635905.72
Quarterly;2011-12;2011;Q4;Mining & Quarrying;325410.95
Quarterly;2011-12;2011;Q4;Manufacturing : Manufacturing excluding petroleum refining;45959.63
Quarterly;2011-12;2011;Q4;Construction;25938.65
Quarterly;2011-12;2011;Q4;Community, Social & Personal Services;10579.17
Quarterly;2012-03;2012;Q1;Agriculture, Forestry & Fishing;15555.21
Quarterly;2012-03;2012;Q1;Gross Value Added;711609.61
Quarterly;2012-06;2012;Q2;Agriculture, Forestry & Fishing;14979.09
Quarterly;2012-06;2012;Q2;Mining & Quarrying;331015.82
Quarterly;2012-06;2012;Q2;Manufacturing : Manufacturing excluding petroleum refining;49839.63
Quarterly;2012-09;2012;Q3;Finance, Insurance, Real Estate & Business Services;56852.86
Quarterly;2012-09;2012;Q3;Finance, Insurance, Real Estate & Business Services : Real Estate;30718.94
Quarterly;2012-09;2012;Q3;Gross Value Added;681110.91
Quarterly;2012-12;2012;Q4;Mining & Quarrying : Crude Petroleum & Natural Gas;313795.72
Quarterly;2012-12;2012;Q4;Wholesale & Retail Trade, Restaurants & hotels;57229.24
Quarterly;2012-12;2012;Q4;Transport, Storage & Communication;31716.24
Quarterly;2012-12;2012;Q4;Community, Social & Personal Services;11632.02
Quarterly;2012-12;2012;Q4;Net Taxes on Products;6663.0
Quarterly;2013-03;2013;Q1;Mining & Quarrying : Crude Petroleum & Natural Gas;303948.34
Quarterly;2013-03;2013;Q1;Manufacturing : Petroleum Refining;14845.08
Quarterly;2013-03;2013;Q1;Finance, Insurance, Real Estate & Business Services;69665.64
Quarterly;2013-03;2013;Q1;Community, Social & Personal Services;13082.16
Quarterly;2013-06;2013;Q2;Manufacturing;67628.91
Quarterly;2013-06;2013;Q2;Construction;33562.7
Quarterly;2013-06;2013;Q2;Community, Social & Personal Services;13050.53
Quarterly;2013-09;2013;Q3;Wholesale & Retail Trade, Restaurants & hotels;57918.64
Quarterly;2013-09;2013;Q3;Community, Social & Personal Services;12996.16
Quarterly;2013-12;2013;Q4;Agriculture, Forestry & Fishing;12354.53
Quarterly;2013-12;2013;Q4;Manufacturing : Manufacturing excluding petroleum refining;53667.55
Quarterly;2013-12;2013;Q4;Transport, Storage & Communication;34313.08
Quarterly;2013-12;2013;Q4;Government Services;93881.28
Quarterly;2013-12;2013;Q4;Gross Domestic Product;708679.54
Quarterly;2014-03;2014;Q1;Mining & Quarrying;313188.18
Quarterly;2014-03;2014;Q1;Manufacturing;79959.81
Quarterly;2014-03;2014;Q1;Manufacturing : Manufacturing excluding petroleum refining;63156.78
Quarterly;2014-03;2014;Q1;Construction;38721.63
Quarterly;2014-03;2014;Q1;Transport, Storage & Communication;37661.02
Quarterly;2014-03;2014;Q1;Finance, Insurance, Real Estate & Business Services : Real Estate;44518.41
Quarterly;2014-03;2014;Q1;Government Services;96241.07
Quarterly;2014-06;2014;Q2;Finance, Insurance, Real Estate & Business Services;71214.85
Quarterly;2014-09;2014;Q3;Mining & Quarrying;288171.29
Quarterly;2014-09;2014;Q3;Construction;38621.81
Quarterly;2014-09;2014;Q3;Finance, Insurance, Real Estate & Business Services : Real Estate;41883.01
Quarterly;2014-09;2014;Q3;Finance, Insurance, Real Estate & Business Services : Finance , Insurance and Business sevices;29577.42
Quarterly;2014-12;2014;Q4;Construction;37542.96
Quarterly;2014-12;2014;Q4;Finance, Insurance, Real Estate & Business Services;73434.65
Quarterly;2015-03;2015;Q1;Manufacturing : Petroleum Refining;14829.2
Quarterly;2015-03;2015;Q1;Finance, Insurance, Real Estate & Business Services : Real Estate;47756.48
Quarterly;2015-06;2015;Q2;Mining & Quarrying;177957.3
Quarterly;2015-06;2015;Q2;Mining & Quarrying : Other Mining & Quarrying;2815.5
Quarterly;2015-06;2015;Q2;Manufacturing : Manufacturing excluding petroleum refining;63177.78
Quarterly;2015-06;2015;Q2;Finance, Insurance, Real Estate & Business Services;76910.43
Quarterly;2015-06;2015;Q2;Finance, Insurance, Real Estate & Business Services : Real Estate;43006.65
Quarterly;2015-09;2015;Q3;Mining & Quarrying : Crude Petroleum & Natural Gas;142981.51
Quarterly;2015-09;2015;Q3;Transport, Storage & Communication;36630.14
Quarterly;2015-09;2015;Q3;Finance, Insurance, Real Estate & Business Services;75497.38
Quarterly;2015-09;2015;Q3;Gross Value Added;613125.18
Quarterly;2015-12;2015;Q4;Mining & Quarrying;124533.94
Quarterly;2015-12;2015;Q4;Mining & Quarrying : Crude Petroleum & Natural Gas;122177.34
Quarterly;2015-12;2015;Q4;Mining & Quarrying : Other Mining & Quarrying;2356.6
Quarterly;2015-12;2015;Q4;Transport, Storage & Communication;39975.45
Quarterly;2015-12;2015;Q4;Finance, Insurance, Real Estate & Business Services : Finance , Insurance and Business sevices;32855.81
Quarterly;2015-12;2015;Q4;Gross Value Added;573874.82
Quarterly;2016-03;2016;Q1;Mining & Quarrying : Crude Petroleum & Natural Gas;93273.64
Quarterly;2016-03;2016;Q1;Manufacturing : Petroleum Refining;16189.01
Quarterly;2016-03;2016;Q1;Electricity, Gas and Water;4706.17
Quarterly;2016-03;2016;Q1;Gross Domestic Product;594201.06
Quarterly;2016-06;2016;Q2;Mining & Quarrying : Crude Petroleum & Natural Gas;133490.3
Quarterly;2016-06;2016;Q2;Manufacturing;80421.29
Quarterly;2016-06;2016;Q2;Wholesale & Retail Trade, Restaurants & hotels;67224.67
Quarterly;2016-06;2016;Q2;Finance, Insurance, Real Estate & Business Services : Real Estate;47221.49
Quarterly;2016-06;2016;Q2;Finance, Insurance, Real Estate & Business Services : Finance , Insurance and Business sevices;33795.23
Quarterly;2016-09;2016;Q3;Manufacturing : Manufacturing excluding petroleum refining;65096.52
Quarterly;2016-09;2016;Q3;Electricity, Gas and Water;15716.38
Quarterly;2016-09;2016;Q3;Finance, Insurance, Real Estate & Business Services;77978.83
Quarterly;2016-09;2016;Q3;Finance, Insurance, Real Estate & Business Services : Real Estate;46119.16
Quarterly;2016-09;2016;Q3;Net Taxes on Products;4641.0
Quarterly;2016-12;2016;Q4;Mining & Quarrying : Other Mining & Quarrying;2344.54
Quarterly;2016-12;2016;Q4;Manufacturing;82118.41
Quarterly;2016-12;2016;Q4;Wholesale & Retail Trade, Restaurants & hotels;72378.13
Quarterly;2016-12;2016;Q4;Finance, Insurance, Real Estate & Business Services;82576.92
Quarterly;2016-12;2016;Q4;Gross Value Added;646555.72
Quarterly;2017-03;2017;Q1;Manufacturing;91301.08
Quarterly;2017-03;2017;Q1;Manufacturing : Petroleum Refining;19815.35
Quarterly;2017-06;2017;Q2;Manufacturing;87222.94
Quarterly;2017-06;2017;Q2;Manufacturing : Manufacturing excluding petroleum refining;66203.57
Quarterly;2017-06;2017;Q2;Finance, Insurance, Real Estate & Business Services;84877.49
Quarterly;2017-06;2017;Q2;Finance, Insurance, Real Estate & Business Services : Real Estate;49754.02
Quarterly;2017-12;2017;Q4;Agriculture, Forestry & Fishing;17523.97
Quarterly;2017-12;2017;Q4;Wholesale & Retail Trade, Restaurants & hotels;73803.94
Quarterly;2017-12;2017;Q4;Government Services;134353.08
Quarterly;2017-12;2017;Q4;Gross Domestic Product;703589.18
Quarterly;2018-03;2018;Q1;Mining & Quarrying : Crude Petroleum & Natural Gas;207391.12
Quarterly;2018-03;2018;Q1;Net Taxes on Products;19087.95
Quarterly;2018-06;2018;Q2;Mining & Quarrying : Other Mining & Quarrying;3043.35
Quarterly;2018-06;2018;Q2;Gross Domestic Product;798575.62
Quarterly;2018-09;2018;Q3;Agriculture, Forestry & Fishing;19784.16
Quarterly;2018-09;2018;Q3;Mining & Quarrying : Other Mining & Quarrying;3177.56
Quarterly;2018-09;2018;Q3;Finance, Insurance, Real Estate & Business Services : Real Estate;49000.9
Quarterly;2018-09;2018;Q3;Community, Social & Personal Services;22810.3
Quarterly;2018-12;2018;Q4;Mining & Quarrying : Crude Petroleum & Natural Gas;253662.24
Quarterly;2018-12;2018;Q4;Manufacturing;100753.58
Quarterly;2018-12;2018;Q4;Manufacturing : Petroleum Refining;30607.66
Quarterly;2018-12;2018;Q4;Manufacturing : Manufacturing excluding petroleum refining;70145.92
Quarterly;2018-12;2018;Q4;Wholesale & Retail Trade, Restaurants & hotels;73939.34
Quarterly;2018-12;2018;Q4;Finance, Insurance, Real Estate & Business Services : Real Estate;51069.83
Quarterly;2018-12;2018;Q4;Government Services;149020.63
Quarterly;2018-12;2018;Q4;Gross Value Added;801161.7
Quarterly;2019-03;2019;Q1;Manufacturing : Manufacturing excluding petroleum refining;73441.74
Quarterly;2019-03;2019;Q1;Transport, Storage & Communication;43744.37
Quarterly;2019-03;2019;Q1;Gross Domestic Product;755656.83
Quarterly;2019-06;2019;Q2;Mining & Quarrying;217978.02
Quarterly;2019-06;2019;Q2;Mining & Quarrying : Crude Petroleum & Natural Gas;214777.63
Quarterly;2019-06;2019;Q2;Manufacturing : Petroleum Refining;26684.77
Quarterly;2019-09;2019;Q3;Agriculture, Forestry & Fishing;20256.78
Quarterly;2019-09;2019;Q3;Mining & Quarrying;215375.12
Quarterly;2019-09;2019;Q3;Mining & Quarrying : Other Mining & Quarrying;3492.12
Quarterly;2019-09;2019;Q3;Net Taxes on Products;23059.08
Quarterly;2019-12;2019;Q4;Agriculture, Forestry & Fishing;18417.97
Quarterly;2019-12;2019;Q4;Mining & Quarrying : Crude Petroleum & Natural Gas;220028.43
Quarterly;2019-12;2019;Q4;Government Services;151233.97
Quarterly;2019-12;2019;Q4;Net Taxes on Products;26571.04
Quarterly;2020-03;2020;Q1;Wholesale & Retail Trade, Restaurants & hotels;74066.39
Quarterly;2020-03;2020;Q1;Finance, Insurance, Real Estate & Business Services;90695.4
Quarterly;2020-03;2020;Q1;Gross Domestic Product;722186.58
Quarterly;2020-06;2020;Q2;Finance, Insurance, Real Estate & Business Services : Real Estate;50192.59
Quarterly;2020-09;2020;Q3;Mining & Quarrying : Crude Petroleum & Natural Gas;143299.05
Quarterly;2020-09;2020;Q3;Manufacturing;83612.62
Quarterly;2020-09;2020;Q3;Community, Social & Personal Services;20786.81
Quarterly;2020-09;2020;Q3;Government Services;139524.25
Quarterly;2020-09;2020;Q3;Net Taxes on Products;31064.28
Quarterly;2020-09;2020;Q3;Gross Domestic Product;699582.72
Quarterly;2020-12;2020;Q4;Agriculture, Forestry & Fishing;18868.73
Quarterly;2020-12;2020;Q4;Manufacturing;95857.62
Quarterly;2020-12;2020;Q4;Transport, Storage & Communication;44670.21
Quarterly;2020-12;2020;Q4;Government Services;149720.18
Quarterly;2021-03;2021;Q1;Manufacturing;105233.2
Quarterly;2021-03;2021;Q1;Manufacturing : Manufacturing excluding petroleum refining;75415.68
Quarterly;2021-03;2021;Q1;Community, Social & Personal Services;18425.28
Quarterly;2021-06;2021;Q2;Manufacturing : Manufacturing excluding petroleum refining;70433.31
Quarterly;2021-06;2021;Q2;Wholesale & Retail Trade, Restaurants & hotels;75856.79
Quarterly;2021-06;2021;Q2;Transport, Storage & Communication;37703.58
Quarterly;2021-09;2021;Q3;Mining & Quarrying : Other Mining & Quarrying;3875.78
Quarterly;2021-09;2021;Q3;Manufacturing : Petroleum Refining;33555.17
Quarterly;2021-09;2021;Q3;Electricity, Gas and Water;18211.58
Quarterly;2021-09;2021;Q3;Construction;45031.42
Quarterly;2021-09;2021;Q3;Net Taxes on Products;48971.4
Quarterly;2021-12;2021;Q4;Manufacturing;126229.89
Quarterly;2021-12;2021;Q4;Finance, Insurance, Real Estate & Business Services : Real Estate;52603.51
Quarterly;2021-12;2021;Q4;Net Taxes on Products;50954.32
Quarterly;2022-03;2022;Q1;Mining & Quarrying;310369.04
Quarterly;2022-03;2022;Q1;Finance, Insurance, Real Estate & Business Services;94451.68
Quarterly;2022-03;2022;Q1;Finance, Insurance, Real Estate & Business Services : Finance , Insurance and Business sevices;39224.94
Quarterly;2022-06;2022;Q2;Construction;43868.91
Quarterly;2022-06;2022;Q2;Finance, Insurance, Real Estate & Business Services;96480.81
Quarterly;2022-06;2022;Q2;Community, Social & Personal Services;23162.1
Quarterly;2022-06;2022;Q2;Gross Domestic Product;1088077.95
Quarterly;2022-09;2022;Q3;Wholesale & Retail Trade, Restaurants & hotels;85948.27
Quarterly;2022-09;2022;Q3;Finance, Insurance, Real Estate & Business Services;99953.07
Quarterly;2022-12;2022;Q4;Manufacturing : Petroleum Refining;71718.28
Quarterly;2022-12;2022;Q4;Construction;49564.23
Quarterly;2022-12;2022;Q4;Wholesale & Retail Trade, Restaurants & hotels;89565.39
Quarterly;2022-12;2022;Q4;Community, Social & Personal Services;28120.66
Quarterly;2023-03;2023;Q1;Agriculture, Forestry & Fishing;28698.13
Quarterly;2023-03;2023;Q1;Gross Value Added;949079.9
Quarterly;2010-03;2010;Q1;Mining & Quarrying : Crude Petroleum & Natural Gas;186972.47
Quarterly;2010-03;2010;Q1;Manufacturing : Manufacturing excluding petroleum refining;39127.06
Quarterly;2010-03;2010;Q1;Finance, Insurance, Real Estate & Business Services : Real Estate;22742.81
Quarterly;2010-03;2010;Q1;Finance, Insurance, Real Estate & Business Services : Finance , Insurance and Business sevices;24343.62
Quarterly;2010-03;2010;Q1;Gross Domestic Product;480428.86
Quarterly;2010-06;2010;Q2;Mining & Quarrying : Other Mining & Quarrying;2060.12
Quarterly;2010-06;2010;Q2;Finance, Insurance, Real Estate & Business Services : Finance , Insurance and Business sevices;23396.71
Quarterly;2010-06;2010;Q2;Gross Value Added;474160.07
Quarterly;2010-09;2010;Q3;Manufacturing;54264.23
Quarterly;2010-09;2010;Q3;Manufacturing : Manufacturing excluding petroleum refining;39157.92
Quarterly;2010-09;2010;Q3;Finance, Insurance, Real Estate & Business Services : Finance , Insurance and Business sevices;22462.87
Quarterly;2010-09;2010;Q3;Net Taxes on Products;3664.3
Quarterly;2010-12;2010;Q4;Mining & Quarrying : Crude Petroleum & Natural Gas;232930.24
Quarterly;2010-12;2010;Q4;Mining & Quarrying : Other Mining & Quarrying;1779.47
Quarterly;2010-12;2010;Q4;Manufacturing : Petroleum Refining;17999.72
Quarterly;2010-12;2010;Q4;Manufacturing : Manufacturing excluding petroleum refining;36168.24
Quarterly;2010-12;2010;Q4;Electricity, Gas and Water;4573.81
Quarterly;2010-12;2010;Q4;Finance, Insurance, Real Estate & Business Services : Real Estate;21680.98
Quarterly;2010-12;2010;Q4;Finance, Insurance, Real Estate & Business Services : Finance , Insurance and Business sevices;23398.16
Quarterly;2011-03;2011;Q1;Manufacturing;62328.58
Quarterly;2011-06;2011;Q2;Wholesale & Retail Trade, Restaurants & hotels;45543.19
Quarterly;2011-06;2011;Q2;Transport, Storage & Communication;28567.84
Quarterly;2011-06;2011;Q2;Finance, Insurance, Real Estate & Business Services;48267.61
Quarterly;2011-06;2011;Q2;Finance, Insurance, Real Estate & Business Services : Real Estate;23689.58
Quarterly;2011-06;2011;Q2;Community, Social & Personal Services;10438.95
Quarterly;2011-09;2011;Q3;Mining & Quarrying : Other Mining & Quarrying;2249.22
Quarterly;2011-09;2011;Q3;Manufacturing : Petroleum Refining;16556.12
Quarterly;2011-09;2011;Q3;Community, Social & Personal Services;10386.98
Quarterly;2011-09;2011;Q3;Government Services;68794.76
Quarterly;2011-12;2011;Q4;Electricity, Gas and Water;5226.79
Quarterly;2011-12;2011;Q4;Finance, Insurance, Real Estate & Business Services : Real Estate;24009.71
Quarterly;2011-12;2011;Q4;Government Services;85199.29
Quarterly;2012-03;2012;Q1;Mining & Quarrying : Crude Petroleum & Natural Gas;348760.8
Quarterly;2012-03;2012;Q1;Manufacturing;71233.86
Quarterly;2012-03;2012;Q1;Manufacturing : Manufacturing excluding petroleum refining;52882.75
Quarterly;2012-03;2012;Q1;Wholesale & Retail Trade, Restaurants & hotels;59322.58
Quarterly;2012-03;2012;Q1;Finance, Insurance, Real Estate & Business Services : Real Estate;32215.75
Quarterly;2012-03;2012;Q1;Net Taxes on Products;3814.0
Quarterly;2012-06;2012;Q2;Electricity, Gas and Water;8666.04
Quarterly;2012-06;2012;Q2;Community, Social & Personal Services;11632.02
Quarterly;2012-09;2012;Q3;Mining & Quarrying;313272.64
Quarterly;2012-09;2012;Q3;Mining & Quarrying : Other Mining & Quarrying;2376.53
Quarterly;2012-09;2012;Q3;Transport, Storage & Communication;29443.17
Quarterly;2012-09;2012;Q3;Community, Social & Personal Services;11585.49
Quarterly;2012-12;2012;Q4;Manufacturing : Manufacturing excluding petroleum refining;50160.97
Quarterly;2012-12;2012;Q4;Finance, Insurance, Real Estate & Business Services : Finance , Insurance and Business sevices;27014.48
Quarterly;2012-12;2012;Q4;Gross Value Added;685309.02
Quarterly;2013-03;2013;Q1;Construction;34124.08
Quarterly;2013-03;2013;Q1;Wholesale & Retail Trade, Restaurants & hotels;65151.31
Quarterly;2013-06;2013;Q2;Finance, Insurance, Real Estate & Business Services;66605.5
Quarterly;2013-06;2013;Q2;Government Services;95532.7
Quarterly;2013-06;2013;Q2;Gross Value Added;696509.47
Quarterly;2013-06;2013;Q2;Gross Domestic Product;702998.47
Quarterly;2013-09;2013;Q3;Manufacturing : Petroleum Refining;15664.35
Quarterly;2013-09;2013;Q3;Electricity, Gas and Water;12641.14
Quarterly;2013-09;2013;Q3;Construction;34083.32
Quarterly;2014-03;2014;Q1;Mining & Quarrying : Other Mining & Quarrying;2835.44
Quarterly;2014-03;2014;Q1;Finance, Insurance, Real Estate & Business Services : Finance , Insurance and Business sevices;32167.94
Quarterly;2014-03;2014;Q1;Net Taxes on Products;4418.0
Quarterly;2014-06;2014;Q2;Mining & Quarrying;310287.95
Quarterly;2014-06;2014;Q2;Manufacturing;75500.44
Quarterly;2014-06;2014;Q2;Net Taxes on Products;6134.0
Quarterly;2014-09;2014;Q3;Mining & Quarrying : Crude Petroleum & Natural Gas;285407.14
Quarterly;2014-09;2014;Q3;Gross Value Added;725960.19
Quarterly;2014-09;2014;Q3;Net Taxes on Products;5555.0
Quarterly;2014-09;2014;Q3;Gross Domestic Product;731515.19
Quarterly;2014-12;2014;Q4;Government Services;92434.09
Quarterly;2015-03;2015;Q1;Electricity, Gas and Water;4280.88
Quarterly;2015-06;2015;Q2;Manufacturing;81033.23
Quarterly;2015-06;2015;Q2;Construction;40231.71
Quarterly;2015-06;2015;Q2;Finance, Insurance, Real Estate & Business Services : Finance , Insurance and Business sevices;33903.78
Quarterly;2015-06;2015;Q2;Gross Value Added;647091.08
Quarterly;2015-06;2015;Q2;Gross Domestic Product;652337.08
Quarterly;2015-09;2015;Q3;Finance, Insurance, Real Estate & Business Services : Finance , Insurance and Business sevices;30616.44
Quarterly;2015-12;2015;Q4;Manufacturing;78561.94
Quarterly;2015-12;2015;Q4;Manufacturing : Petroleum Refining;14182.37
Quarterly;2015-12;2015;Q4;Electricity, Gas and Water;6689.85
Quarterly;2015-12;2015;Q4;Construction;39874.03
Quarterly;2015-12;2015;Q4;Gross Domestic Product;583700.82
Quarterly;2016-03;2016;Q1;Mining & Quarrying : Other Mining & Quarrying;2947.34
Quarterly;2016-03;2016;Q1;Finance, Insurance, Real Estate & Business Services;82543.39
Quarterly;2016-03;2016;Q1;Finance, Insurance, Real Estate & Business Services : Real Estate;49175.87
Quarterly;2016-06;2016;Q2;Agriculture, Forestry & Fishing;18977.37
Quarterly;2016-06;2016;Q2;Construction;39146.86
Quarterly;2016-06;2016;Q2;Government Services;120282.04
Quarterly;2016-06;2016;Q2;Gross Value Added;614039.59
Quarterly;2016-06;2016;Q2;Net Taxes on Products;9137.0
Quarterly;2016-09;2016;Q3;Mining & Quarrying;143414.12
Quarterly;2016-09;2016;Q3;Mining & Quarrying : Other Mining & Quarrying;2901.19
Quarterly;2016-09;2016;Q3;Manufacturing : Petroleum Refining;16620.21
Quarterly;2016-12;2016;Q4;Agriculture, Forestry & Fishing;16781.86
Quarterly;2016-12;2016;Q4;Finance, Insurance, Real Estate & Business Services : Finance , Insurance and Business sevices;34837.56
Quarterly;2016-12;2016;Q4;Government Services;126496.04
Quarterly;2017-03;2017;Q1;Agriculture, Forestry & Fishing;20233.43
Quarterly;2017-03;2017;Q1;Mining & Quarrying;161998.97
Quarterly;2017-03;2017;Q1;Manufacturing : Manufacturing excluding petroleum refining;71485.74
Quarterly;2017-03;2017;Q1;Community, Social & Personal Services;23107.44
Quarterly;2017-03;2017;Q1;Gross Value Added;653330.39
Quarterly;2017-06;2017;Q2;Mining & Quarrying : Crude Petroleum & Natural Gas;149856.56
Quarterly;2017-06;2017;Q2;Manufacturing : Petroleum Refining;21019.36
Quarterly;2017-06;2017;Q2;Transport, Storage & Communication;40475.94
Quarterly;2017-09;2017;Q3;Construction;39465.63
Quarterly;2017-09;2017;Q3;Wholesale & Retail Trade, Restaurants & hotels;72339.73
Quarterly;2017-09;2017;Q3;Transport, Storage & Communication;39353.67
Quarterly;2017-09;2017;Q3;Gross Value Added;662275.64
Quarterly;2017-09;2017;Q3;Net Taxes on Products;6974.0
Quarterly;2017-12;2017;Q4;Mining & Quarrying;184796.0
Quarterly;2017-12;2017;Q4;Mining & Quarrying : Crude Petroleum & Natural Gas;182326.75
Quarterly;2017-12;2017;Q4;Manufacturing;88129.94
Quarterly;2017-12;2017;Q4;Manufacturing : Manufacturing excluding petroleum refining;67272.8
Quarterly;2017-12;2017;Q4;Finance, Insurance, Real Estate & Business Services;87906.01
Quarterly;2018-03;2018;Q1;Manufacturing : Petroleum Refining;28702.95
Quarterly;2018-03;2018;Q1;Manufacturing : Manufacturing excluding petroleum refining;72485.69
Quarterly;2018-03;2018;Q1;Construction;36779.07
Quarterly;2018-03;2018;Q1;Wholesale & Retail Trade, Restaurants & hotels;71564.32
Quarterly;2018-03;2018;Q1;Finance, Insurance, Real Estate & Business Services;86607.19
Quarterly;2018-03;2018;Q1;Finance, Insurance, Real Estate & Business Services : Real Estate;53197.28
Quarterly;2018-03;2018;Q1;Finance, Insurance, Real Estate & Business Services : Finance , Insurance and Business sevices;33409.91
Quarterly;2018-06;2018;Q2;Manufacturing;98631.7
Quarterly;2018-06;2018;Q2;Transport, Storage & Communication;40128.45
Quarterly;2018-06;2018;Q2;Finance, Insurance, Real Estate & Business Services : Finance , Insurance and Business sevices;35806.43
Quarterly;2018-09;2018;Q3;Manufacturing : Petroleum Refining;28772.08
Quarterly;2018-09;2018;Q3;Wholesale & Retail Trade, Restaurants & hotels;71605.78
Quarterly;2018-09;2018;Q3;Transport, Storage & Communication;40907.5
Quarterly;2018-09;2018;Q3;Finance, Insurance, Real Estate & Business Services : Finance , Insurance and Business sevices;34171.52
Quarterly;2019-03;2019;Q1;Agriculture, Forestry & Fishing;20991.36
Quarterly;2019-03;2019;Q1;Manufacturing;101650.72
Quarterly;2019-03;2019;Q1;Construction;37833.26
Quarterly;2019-03;2019;Q1;Gross Value Added;736577.5
Quarterly;2019-06;2019;Q2;Agriculture, Forestry & Fishing;20821.48
Quarterly;2019-06;2019;Q2;Electricity, Gas and Water;12250.04
Quarterly;2019-06;2019;Q2;Transport, Storage & Communication;43107.14
Quarterly;2019-06;2019;Q2;Finance, Insurance, Real Estate & Business Services : Real Estate;50920.6
Quarterly;2019-06;2019;Q2;Community, Social & Personal Services;25354.21
Quarterly;2019-09;2019;Q3;Manufacturing;96185.54
Quarterly;2019-09;2019;Q3;Construction;40068.33
Quarterly;2019-09;2019;Q3;Wholesale & Retail Trade, Restaurants & hotels;78931.07
Quarterly;2019-09;2019;Q3;Transport, Storage & Communication;43313.77
Quarterly;2019-09;2019;Q3;Finance, Insurance, Real Estate & Business Services : Real Estate;49655.83
Quarterly;2019-12;2019;Q4;Electricity, Gas and Water;9002.07
Quarterly;2019-12;2019;Q4;Construction;39181.11
Quarterly;2019-12;2019;Q4;Transport, Storage & Communication;46962.25
Quarterly;2019-12;2019;Q4;Finance, Insurance, Real Estate & Business Services : Real Estate;51883.66
Quarterly;2020-03;2020;Q1;Manufacturing;94540.46
Quarterly;2020-03;2020;Q1;Electricity, Gas and Water;5566.1
Quarterly;2020-03;2020;Q1;Construction;40028.62
Quarterly;2020-03;2020;Q1;Finance, Insurance, Real Estate & Business Services : Real Estate;53299.31
Quarterly;2020-03;2020;Q1;Gross Value Added;697256.72
Quarterly;2020-06;2020;Q2;Agriculture, Forestry & Fishing;20739.5
Quarterly;2020-06;2020;Q2;Mining & Quarrying : Crude Petroleum & Natural Gas;82744.36
Quarterly;2020-06;2020;Q2;Transport, Storage & Communication;35401.89
Quarterly;2020-06;2020;Q2;Finance, Insurance, Real Estate & Business Services : Finance , Insurance and Business sevices;38932.95
Quarterly;2020-09;2020;Q3;Wholesale & Retail Trade, Restaurants & hotels;70655.24
Quarterly;2020-09;2020;Q3;Gross Value Added;668518.44
Quarterly;2020-12;2020;Q4;Electricity, Gas and Water;8670.17
Quarterly;2020-12;2020;Q4;Finance, Insurance, Real Estate & Business Services : Finance , Insurance and Business sevices;42870.71
Quarterly;2020-12;2020;Q4;Gross Value Added;697428.07
Quarterly;2021-03;2021;Q1;Agriculture, Forestry & Fishing;22392.59
Quarterly;2021-03;2021;Q1;Mining & Quarrying : Crude Petroleum & Natural Gas;148038.0
Quarterly;2021-03;2021;Q1;Construction;41728.32
Quarterly;2021-03;2021;Q1;Wholesale & Retail Trade, Restaurants & hotels;77269.24
Quarterly;2021-03;2021;Q1;Finance, Insurance, Real Estate & Business Services : Real Estate;54855.66
Quarterly;2021-03;2021;Q1;Net Taxes on Products;42262.28
Quarterly;2021-06;2021;Q2;Mining & Quarrying;184109.32
Quarterly;2021-06;2021;Q2;Manufacturing : Petroleum Refining;28540.56
Quarterly;2021-06;2021;Q2;Community, Social & Personal Services;14627.97
Quarterly;2021-06;2021;Q2;Net Taxes on Products;55666.55
Quarterly;2021-09;2021;Q3;Agriculture, Forestry & Fishing;22437.91
Quarterly;2021-09;2021;Q3;Manufacturing : Manufacturing excluding petroleum refining;77020.69
Quarterly;2021-09;2021;Q3;Transport, Storage & Communication;43225.3
Quarterly;2021-09;2021;Q3;Government Services;142595.1
Quarterly;2021-12;2021;Q4;Electricity, Gas and Water;8875.62
Quarterly;2021-12;2021;Q4;Construction;45162.16
Quarterly;2021-12;2021;Q4;Wholesale & Retail Trade, Restaurants & hotels;80822.23
Quarterly;2021-12;2021;Q4;Community, Social & Personal Services;25231.57
Quarterly;2022-03;2022;Q1;Manufacturing;145983.7
Quarterly;2022-03;2022;Q1;Manufacturing : Petroleum Refining;58455.06
Quarterly;2022-03;2022;Q1;Wholesale & Retail Trade, Restaurants & hotels;82529.79
Quarterly;2022-03;2022;Q1;Gross Domestic Product;977463.74
Quarterly;2022-06;2022;Q2;Mining & Quarrying;410249.34
Quarterly;2022-06;2022;Q2;Manufacturing : Manufacturing excluding petroleum refining;88480.34
Quarterly;2022-06;2022;Q2;Electricity, Gas and Water;11257.76
Quarterly;2022-06;2022;Q2;Transport, Storage & Communication;44284.03
Quarterly;2022-06;2022;Q2;Net Taxes on Products;54350.01
Quarterly;2022-09;2022;Q3;Mining & Quarrying : Other Mining & Quarrying;4445.52
Quarterly;2022-09;2022;Q3;Electricity, Gas and Water;18794.35
Quarterly;2022-09;2022;Q3;Construction;48543.87
Quarterly;2022-09;2022;Q3;Net Taxes on Products;50715.32
Quarterly;2022-12;2022;Q4;Mining & Quarrying : Crude Petroleum & Natural Gas;280880.51
Quarterly;2023-03;2023;Q1;Mining & Quarrying;272580.92
Quarterly;2023-03;2023;Q1;Manufacturing;157591.76
Quarterly;2023-03;2023;Q1;Wholesale & Retail Trade, Restaurants & hotels;93662.65
Quarterly;2023-03;2023;Q1;Net Taxes on Products;55539.59
Quarterly;2010-03;2010;Q1;Mining & Quarrying;189161.23
Quarterly;2010-03;2010;Q1;Wholesale & Retail Trade, Restaurants & hotels;45264.24
Quarterly;2010-03;2010;Q1;Transport, Storage & Communication;25873.6
Quarterly;2010-03;2010;Q1;Finance, Insurance, Real Estate & Business Services;47086.42
Quarterly;2010-06;2010;Q2;Manufacturing : Petroleum Refining;15189.25
Quarterly;2010-06;2010;Q2;Manufacturing : Manufacturing excluding petroleum refining;37339.02
Quarterly;2010-06;2010;Q2;Construction;22114.71
Quarterly;2010-06;2010;Q2;Transport, Storage & Communication;24650.35
Quarterly;2010-06;2010;Q2;Finance, Insurance, Real Estate & Business Services : Real Estate;21414.48
Quarterly;2010-06;2010;Q2;Community, Social & Personal Services;9069.95
Quarterly;2010-06;2010;Q2;Government Services;62691.1
Quarterly;2010-06;2010;Q2;Net Taxes on Products;3752.0
Quarterly;2010-09;2010;Q3;Mining & Quarrying : Crude Petroleum & Natural Gas;195887.81
Quarterly;2010-09;2010;Q3;Mining & Quarrying : Other Mining & Quarrying;2050.56
Quarterly;2010-09;2010;Q3;Electricity, Gas and Water;10599.32
Quarterly;2010-09;2010;Q3;Construction;22416.64
Quarterly;2010-09;2010;Q3;Transport, Storage & Communication;23601.96
Quarterly;2010-09;2010;Q3;Finance, Insurance, Real Estate & Business Services : Real Estate;21601.9
Quarterly;2010-12;2010;Q4;Agriculture, Forestry & Fishing;11399.28
Quarterly;2010-12;2010;Q4;Wholesale & Retail Trade, Restaurants & hotels;43496.95
Quarterly;2010-12;2010;Q4;Transport, Storage & Communication;25320.3
Quarterly;2010-12;2010;Q4;Gross Domestic Product;543004.01
Quarterly;2011-03;2011;Q1;Agriculture, Forestry & Fishing;14753.5
Quarterly;2011-03;2011;Q1;Mining & Quarrying : Crude Petroleum & Natural Gas;268843.69
Quarterly;2011-03;2011;Q1;Mining & Quarrying : Other Mining & Quarrying;2410.71
Quarterly;2011-03;2011;Q1;Construction;27289.9
Quarterly;2011-03;2011;Q1;Transport, Storage & Communication;29991.13
Quarterly;2011-03;2011;Q1;Community, Social & Personal Services;10551.02
Quarterly;2011-06;2011;Q2;Manufacturing : Manufacturing excluding petroleum refining;46458.76
Quarterly;2011-06;2011;Q2;Finance, Insurance, Real Estate & Business Services : Finance , Insurance and Business sevices;24578.03
Quarterly;2011-06;2011;Q2;Net Taxes on Products;5040.0
Quarterly;2011-12;2011;Q4;Transport, Storage & Communication;29394.76
Quarterly;2011-12;2011;Q4;Finance, Insurance, Real Estate & Business Services;48604.74
Quarterly;2011-12;2011;Q4;Finance, Insurance, Real Estate & Business Services : Finance , Insurance and Business sevices;24595.03
Quarterly;2011-12;2011;Q4;Net Taxes on Products;4119.0
Quarterly;2012-03;2012;Q1;Mining & Quarrying : Other Mining & Quarrying;2536.67
Quarterly;2012-03;2012;Q1;Manufacturing : Petroleum Refining;18351.11
Quarterly;2012-03;2012;Q1;Electricity, Gas and Water;3592.7
Quarterly;2012-03;2012;Q1;Government Services;75961.57
Quarterly;2012-03;2012;Q1;Gross Domestic Product;715423.61
Quarterly;2012-06;2012;Q2;Mining & Quarrying : Crude Petroleum & Natural Gas;328628.17
Quarterly;2012-06;2012;Q2;Manufacturing;67146.49
Quarterly;2012-06;2012;Q2;Wholesale & Retail Trade, Restaurants & hotels;50348.69
Quarterly;2012-06;2012;Q2;Transport, Storage & Communication;30789.78
Quarterly;2012-06;2012;Q2;Finance, Insurance, Real Estate & Business Services : Real Estate;30590.19
Quarterly;2012-06;2012;Q2;Finance, Insurance, Real Estate & Business Services : Finance , Insurance and Business sevices;26714.45
Quarterly;2012-09;2012;Q3;Agriculture, Forestry & Fishing;14402.98
Quarterly;2012-09;2012;Q3;Manufacturing;65518.61
Quarterly;2012-09;2012;Q3;Manufacturing : Manufacturing excluding petroleum refining;49131.49
Quarterly;2012-09;2012;Q3;Electricity, Gas and Water;12340.67
Quarterly;2012-09;2012;Q3;Finance, Insurance, Real Estate & Business Services : Finance , Insurance and Business sevices;26133.92
Quarterly;2012-12;2012;Q4;Construction;28676.13
Quarterly;2013-03;2013;Q1;Electricity, Gas and Water;3843.17
Quarterly;2013-03;2013;Q1;Finance, Insurance, Real Estate & Business Services : Finance , Insurance and Business sevices;30120.85
Quarterly;2013-03;2013;Q1;Government Services;87771.17
Quarterly;2013-06;2013;Q2;Mining & Quarrying;306136.9
Quarterly;2013-06;2013;Q2;Mining & Quarrying : Crude Petroleum & Natural Gas;303633.04
Quarterly;2013-06;2013;Q2;Mining & Quarrying : Other Mining & Quarrying;2503.86
Quarterly;2013-06;2013;Q2;Manufacturing : Manufacturing excluding petroleum refining;53274.78
Quarterly;2013-06;2013;Q2;Wholesale & Retail Trade, Restaurants & hotels;56261.15
Quarterly;2013-06;2013;Q2;Net Taxes on Products;6489.0
Quarterly;2013-09;2013;Q3;Mining & Quarrying;311191.37
Quarterly;2013-09;2013;Q3;Finance, Insurance, Real Estate & Business Services : Finance , Insurance and Business sevices;27442.87
Quarterly;2013-09;2013;Q3;Government Services;90884.85
Quarterly;2013-12;2013;Q4;Manufacturing;70339.57
Quarterly;2013-12;2013;Q4;Electricity, Gas and Water;5888.54
Quarterly;2013-12;2013;Q4;Gross Value Added;702653.54
Quarterly;2013-12;2013;Q4;Net Taxes on Products;6026.0
Quarterly;2014-03;2014;Q1;Mining & Quarrying : Crude Petroleum & Natural Gas;310352.74
Quarterly;2014-03;2014;Q1;Electricity, Gas and Water;3915.73
Quarterly;2014-03;2014;Q1;Wholesale & Retail Trade, Restaurants & hotels;70363.91
Quarterly;2014-03;2014;Q1;Community, Social & Personal Services;15329.19
Quarterly;2014-03;2014;Q1;Gross Value Added;749865.63
Quarterly;2014-06;2014;Q2;Manufacturing : Petroleum Refining;16981.45
Quarterly;2014-06;2014;Q2;Manufacturing : Manufacturing excluding petroleum refining;58518.99
Quarterly;2014-06;2014;Q2;Construction;37849.41
Quarterly;2014-06;2014;Q2;Wholesale & Retail Trade, Restaurants & hotels;63347.29
Quarterly;2014-06;2014;Q2;Transport, Storage & Communication;35891.71
Quarterly;2014-06;2014;Q2;Finance, Insurance, Real Estate & Business Services : Finance , Insurance and Business sevices;31102.77
Quarterly;2014-09;2014;Q3;Mining & Quarrying : Other Mining & Quarrying;2764.14
Quarterly;2014-09;2014;Q3;Manufacturing;77448.27
Quarterly;2014-09;2014;Q3;Wholesale & Retail Trade, Restaurants & hotels;66775.19
Quarterly;2014-12;2014;Q4;Manufacturing : Petroleum Refining;18806.9
Quarterly;2014-12;2014;Q4;Transport, Storage & Communication;37256.49
Quarterly;2014-12;2014;Q4;Net Taxes on Products;7413.0
Quarterly;2015-03;2015;Q1;Agriculture, Forestry & Fishing;18801.76
Quarterly;2015-03;2015;Q1;Mining & Quarrying;151983.57
Quarterly;2015-03;2015;Q1;Manufacturing;82835.54
Quarterly;2015-03;2015;Q1;Manufacturing : Manufacturing excluding petroleum refining;68006.34
Quarterly;2015-03;2015;Q1;Construction;41258.76
Quarterly;2015-03;2015;Q1;Wholesale & Retail Trade, Restaurants & hotels;73935.19
Quarterly;2015-03;2015;Q1;Finance, Insurance, Real Estate & Business Services : Finance , Insurance and Business sevices;31778.63
Quarterly;2015-03;2015;Q1;Gross Domestic Product;654710.35
Quarterly;2015-06;2015;Q2;Mining & Quarrying : Crude Petroleum & Natural Gas;175141.81
Quarterly;2015-06;2015;Q2;Manufacturing : Petroleum Refining;17855.45
Quarterly;2015-06;2015;Q2;Electricity, Gas and Water;10551.46
Quarterly;2015-06;2015;Q2;Government Services;119578.25
Quarterly;2015-06;2015;Q2;Net Taxes on Products;5246.0
Quarterly;2015-09;2015;Q3;Agriculture, Forestry & Fishing;17374.65
Quarterly;2015-09;2015;Q3;Manufacturing;79766.18
Quarterly;2015-09;2015;Q3;Electricity, Gas and Water;14100.66
Quarterly;2015-09;2015;Q3;Construction;41121.77
Quarterly;2015-09;2015;Q3;Finance, Insurance, Real Estate & Business Services : Real Estate;44880.93
Quarterly;2015-09;2015;Q3;Community, Social & Personal Services;17188.35
Quarterly;2015-09;2015;Q3;Government Services;115169.75
Quarterly;2015-09;2015;Q3;Gross Domestic Product;619818.18
Quarterly;2015-12;2015;Q4;Agriculture, Forestry & Fishing;15483.48
Quarterly;2015-12;2015;Q4;Finance, Insurance, Real Estate & Business Services : Real Estate;45183.9
Quarterly;2016-03;2016;Q1;Mining & Quarrying;96220.98
Quarterly;2016-03;2016;Q1;Manufacturing;85370.3
Quarterly;2016-03;2016;Q1;Manufacturing : Manufacturing excluding petroleum refining;69181.29
Quarterly;2016-03;2016;Q1;Wholesale & Retail Trade, Restaurants & hotels;74126.88
Quarterly;2016-03;2016;Q1;Finance, Insurance, Real Estate & Business Services : Finance , Insurance and Business sevices;33367.52
Quarterly;2016-03;2016;Q1;Gross Value Added;590637.06
Quarterly;2016-06;2016;Q2;Mining & Quarrying : Other Mining & Quarrying;2761.16
Quarterly;2016-06;2016;Q2;Community, Social & Personal Services;20428.21
Quarterly;2016-06;2016;Q2;Gross Domestic Product;623176.59
Quarterly;2016-09;2016;Q3;Manufacturing;81716.73
Quarterly;2016-09;2016;Q3;Construction;40129.42
Quarterly;2016-09;2016;Q3;Government Services;114518.04
Quarterly;2016-09;2016;Q3;Gross Value Added;620405.18
Quarterly;2016-12;2016;Q4;Mining & Quarrying;157574.74
Quarterly;2016-12;2016;Q4;Mining & Quarrying : Crude Petroleum & Natural Gas;155230.2
Quarterly;2016-12;2016;Q4;Manufacturing : Manufacturing excluding petroleum refining;65183.48
Quarterly;2016-12;2016;Q4;Net Taxes on Products;8520.0
Quarterly;2017-03;2017;Q1;Transport, Storage & Communication;42319.94
Quarterly;2017-03;2017;Q1;Finance, Insurance, Real Estate & Business Services : Real Estate;52017.25
Quarterly;2017-03;2017;Q1;Government Services;111829.08
Quarterly;2017-03;2017;Q1;Gross Domestic Product;657878.39
Quarterly;2017-06;2017;Q2;Mining & Quarrying : Other Mining & Quarrying;2884.74
Quarterly;2017-06;2017;Q2;Electricity, Gas and Water;10691.83
Quarterly;2017-06;2017;Q2;Construction;37062.06
Quarterly;2017-06;2017;Q2;Wholesale & Retail Trade, Restaurants & hotels;67746.81
Quarterly;2017-06;2017;Q2;Community, Social & Personal Services;22861.27
Quarterly;2017-09;2017;Q3;Agriculture, Forestry & Fishing;19359.74
Quarterly;2017-09;2017;Q3;Mining & Quarrying;155978.14
Quarterly;2017-09;2017;Q3;Mining & Quarrying : Crude Petroleum & Natural Gas;152940.34
Quarterly;2017-09;2017;Q3;Manufacturing;89778.93
Quarterly;2017-09;2017;Q3;Manufacturing : Petroleum Refining;21779.38
Quarterly;2017-09;2017;Q3;Manufacturing : Manufacturing excluding petroleum refining;67999.55
Quarterly;2017-09;2017;Q3;Finance, Insurance, Real Estate & Business Services;82393.79
Quarterly;2017-09;2017;Q3;Community, Social & Personal Services;22162.87
Quarterly;2017-09;2017;Q3;Government Services;124363.08
Quarterly;2017-09;2017;Q3;Gross Domestic Product;669249.64
Quarterly;2017-12;2017;Q4;Construction;38045.99
Quarterly;2017-12;2017;Q4;Finance, Insurance, Real Estate & Business Services : Real Estate;49973.69
Quarterly;2017-12;2017;Q4;Finance, Insurance, Real Estate & Business Services : Finance , Insurance and Business sevices;37932.32
Quarterly;2018-03;2018;Q1;Agriculture, Forestry & Fishing;20698.8
Quarterly;2018-03;2018;Q1;Manufacturing;101188.64
Quarterly;2018-03;2018;Q1;Transport, Storage & Communication;41448.59
Quarterly;2018-06;2018;Q2;Mining & Quarrying;246562.99
Quarterly;2018-06;2018;Q2;Mining & Quarrying : Crude Petroleum & Natural Gas;243519.64
Quarterly;2018-06;2018;Q2;Manufacturing : Petroleum Refining;30262.35
Quarterly;2018-06;2018;Q2;Finance, Insurance, Real Estate & Business Services;86302.58
Quarterly;2018-06;2018;Q2;Net Taxes on Products;18581.31
Quarterly;2018-09;2018;Q3;Mining & Quarrying;258418.05
Quarterly;2018-09;2018;Q3;Mining & Quarrying : Crude Petroleum & Natural Gas;255240.49
Quarterly;2018-09;2018;Q3;Construction;36883.67
Quarterly;2018-09;2018;Q3;Government Services;128671.04
Quarterly;2018-09;2018;Q3;Net Taxes on Products;22850.53
Quarterly;2019-03;2019;Q1;Wholesale & Retail Trade, Restaurants & hotels;73024.29
Quarterly;2019-03;2019;Q1;Finance, Insurance, Real Estate & Business Services;88558.88
Quarterly;2019-03;2019;Q1;Finance, Insurance, Real Estate & Business Services : Real Estate;53932.58
Quarterly;2019-06;2019;Q2;Wholesale & Retail Trade, Restaurants & hotels;72634.5
Quarterly;2019-06;2019;Q2;Government Services;150092.02
Quarterly;2019-06;2019;Q2;Gross Domestic Product;788245.0
Quarterly;2019-09;2019;Q3;Electricity, Gas and Water;17885.01
Quarterly;2019-09;2019;Q3;Finance, Insurance, Real Estate & Business Services;86281.46
Quarterly;2019-12;2019;Q4;Manufacturing : Petroleum Refining;27728.06
Quarterly;2019-12;2019;Q4;Manufacturing : Manufacturing excluding petroleum refining;71546.46
Quarterly;2019-12;2019;Q4;Wholesale & Retail Trade, Restaurants & hotels;81707.19
Quarterly;2019-12;2019;Q4;Finance, Insurance, Real Estate & Business Services;93838.43
Quarterly;2019-12;2019;Q4;Community, Social & Personal Services;25215.5
Quarterly;2019-12;2019;Q4;Gross Domestic Product;814306.37
Quarterly;2020-03;2020;Q1;Agriculture, Forestry & Fishing;21132.85
Quarterly;2020-03;2020;Q1;Mining & Quarrying : Crude Petroleum & Natural Gas;155835.24
Quarterly;2020-03;2020;Q1;Manufacturing : Petroleum Refining;23975.57
Quarterly;2020-03;2020;Q1;Manufacturing : Manufacturing excluding petroleum refining;70564.9
Quarterly;2020-03;2020;Q1;Transport, Storage & Communication;44640.45
Quarterly;2020-06;2020;Q2;Manufacturing;73975.68
Quarterly;2020-06;2020;Q2;Electricity, Gas and Water;11250.19
Quarterly;2020-06;2020;Q2;Gross Domestic Product;598320.82
Quarterly;2020-09;2020;Q3;Agriculture, Forestry & Fishing;20770.23
Quarterly;2020-09;2020;Q3;Mining & Quarrying : Other Mining & Quarrying;3519.53
Quarterly;2020-09;2020;Q3;Manufacturing : Petroleum Refining;18416.96
Quarterly;2020-09;2020;Q3;Manufacturing : Manufacturing excluding petroleum refining;65195.66
Quarterly;2020-09;2020;Q3;Construction;42448.66
Quarterly;2020-09;2020;Q3;Finance, Insurance, Real Estate & Business Services : Real Estate;50493.75
Quarterly;2020-12;2020;Q4;Manufacturing : Manufacturing excluding petroleum refining;70370.72
Quarterly;2020-12;2020;Q4;Finance, Insurance, Real Estate & Business Services : Real Estate;52346.16
Quarterly;2020-12;2020;Q4;Gross Domestic Product;733426.82
Quarterly;2021-03;2021;Q1;Gross Value Added;696782.16
Quarterly;2021-03;2021;Q1;Gross Domestic Product;739044.44
Quarterly;2021-06;2021;Q2;Finance, Insurance, Real Estate & Business Services : Real Estate;52794.46
Quarterly;2021-06;2021;Q2;Gross Value Added;714287.79
Quarterly;2021-09;2021;Q3;Mining & Quarrying : Crude Petroleum & Natural Gas;218299.73
Quarterly;2021-09;2021;Q3;Wholesale & Retail Trade, Restaurants & hotels;78950.33
Quarterly;2021-09;2021;Q3;Finance, Insurance, Real Estate & Business Services : Real Estate;50657.22
Quarterly;2021-09;2021;Q3;Finance, Insurance, Real Estate & Business Services : Finance , Insurance and Business sevices;41695.55
Quarterly;2021-12;2021;Q4;Agriculture, Forestry & Fishing;20934.86
Quarterly;2021-12;2021;Q4;Mining & Quarrying;244080.19
Quarterly;2021-12;2021;Q4;Manufacturing : Petroleum Refining;40932.08
Quarterly;2021-12;2021;Q4;Manufacturing : Manufacturing excluding petroleum refining;85297.81
Quarterly;2021-12;2021;Q4;Finance, Insurance, Real Estate & Business Services : Finance , Insurance and Business sevices;45951.55
Quarterly;2021-12;2021;Q4;Gross Domestic Product;901763.07
Quarterly;2022-03;2022;Q1;Mining & Quarrying : Other Mining & Quarrying;4598.16
Quarterly;2022-03;2022;Q1;Community, Social & Personal Services;25149.5
Quarterly;2022-03;2022;Q1;Gross Value Added;924554.15
Quarterly;2022-06;2022;Q2;Mining & Quarrying : Other Mining & Quarrying;4405.63
Quarterly;2022-06;2022;Q2;Manufacturing;152191.59
Quarterly;2022-06;2022;Q2;Manufacturing : Petroleum Refining;63711.25
Quarterly;2022-06;2022;Q2;Finance, Insurance, Real Estate & Business Services : Real Estate;54302.81
Quarterly;2022-06;2022;Q2;Government Services;145075.92
Quarterly;2022-09;2022;Q3;Agriculture, Forestry & Fishing;26499.17
Quarterly;2022-09;2022;Q3;Mining & Quarrying;369229.09
Quarterly;2022-09;2022;Q3;Mining & Quarrying : Crude Petroleum & Natural Gas;364783.57
Quarterly;2022-09;2022;Q3;Finance, Insurance, Real Estate & Business Services : Real Estate;52227.6
Quarterly;2022-12;2022;Q4;Mining & Quarrying;285095.21
Quarterly;2022-12;2022;Q4;Manufacturing;164035.27
Quarterly;2022-12;2022;Q4;Electricity, Gas and Water;9148.38
Quarterly;2022-12;2022;Q4;Finance, Insurance, Real Estate & Business Services;108332.92
Quarterly;2022-12;2022;Q4;Finance, Insurance, Real Estate & Business Services : Real Estate;54771.72
Quarterly;2022-12;2022;Q4;Government Services;155775.23
Quarterly;2022-12;2022;Q4;Gross Domestic Product;1023732.54
Quarterly;2023-03;2023;Q1;Construction;50497.07
Quarterly;2010-03;2010;Q1;Government Services;67510.4
Quarterly;2010-03;2010;Q1;Net Taxes on Products;3352.4
Quarterly;2010-06;2010;Q2;Electricity, Gas and Water;7376.25
Quarterly;2010-09;2010;Q3;Agriculture, Forestry & Fishing;12972.84
Quarterly;2010-09;2010;Q3;Mining & Quarrying;197938.37
Quarterly;2010-09;2010;Q3;Manufacturing : Petroleum Refining;15106.31
Quarterly;2010-09;2010;Q3;Wholesale & Retail Trade, Restaurants & hotels;40088.34
Quarterly;2010-09;2010;Q3;Community, Social & Personal Services;9051.14
Quarterly;2010-12;2010;Q4;Mining & Quarrying;234709.71
Quarterly;2010-12;2010;Q4;Finance, Insurance, Real Estate & Business Services;45079.14
Quarterly;2010-12;2010;Q4;Community, Social & Personal Services;9072.86
Quarterly;2011-03;2011;Q1;Manufacturing : Manufacturing excluding petroleum refining;48022.35
Quarterly;2011-03;2011;Q1;Wholesale & Retail Trade, Restaurants & hotels;53476.13
Quarterly;2011-03;2011;Q1;Net Taxes on Products;3132.0
Quarterly;2011-06;2011;Q2;Agriculture, Forestry & Fishing;14212.33
Quarterly;2011-06;2011;Q2;Electricity, Gas and Water;8236.74
Quarterly;2011-06;2011;Q2;Government Services;82050.5
Quarterly;2011-06;2011;Q2;Gross Value Added;632157.46
Quarterly;2011-09;2011;Q3;Manufacturing : Manufacturing excluding petroleum refining;47395.19
Quarterly;2011-09;2011;Q3;Finance, Insurance, Real Estate & Business Services;47466.63
Quarterly;2011-09;2011;Q3;Finance, Insurance, Real Estate & Business Services : Real Estate;23868.0
Quarterly;2011-09;2011;Q3;Gross Value Added;630911.72
Quarterly;2011-12;2011;Q4;Agriculture, Forestry & Fishing;12041.98
Quarterly;2011-12;2011;Q4;Gross Domestic Product;661142.37
Quarterly;2012-03;2012;Q1;Transport, Storage & Communication;32340.26
Quarterly;2012-03;2012;Q1;Finance, Insurance, Real Estate & Business Services;60410.82
Quarterly;2012-06;2012;Q2;Mining & Quarrying : Other Mining & Quarrying;2387.64
Quarterly;2012-06;2012;Q2;Construction;29624.1
Quarterly;2012-06;2012;Q2;Government Services;80907.23
Quarterly;2012-12;2012;Q4;Mining & Quarrying : Other Mining & Quarrying;2062.46
Quarterly;2012-12;2012;Q4;Finance, Insurance, Real Estate & Business Services : Real Estate;30843.31
Quarterly;2012-12;2012;Q4;Gross Domestic Product;691972.02
Quarterly;2013-03;2013;Q1;Manufacturing : Manufacturing excluding petroleum refining;57801.21
Quarterly;2013-03;2013;Q1;Transport, Storage & Communication;34939.03
Quarterly;2013-03;2013;Q1;Finance, Insurance, Real Estate & Business Services : Real Estate;39544.79
Quarterly;2013-03;2013;Q1;Gross Value Added;704841.93
Quarterly;2013-03;2013;Q1;Gross Domestic Product;707855.93
Quarterly;2013-06;2013;Q2;Finance, Insurance, Real Estate & Business Services : Finance , Insurance and Business sevices;28881.1
Quarterly;2013-09;2013;Q3;Agriculture, Forestry & Fishing;15691.09
Quarterly;2013-09;2013;Q3;Mining & Quarrying : Crude Petroleum & Natural Gas;308691.1
Quarterly;2013-09;2013;Q3;Mining & Quarrying : Other Mining & Quarrying;2500.27
Quarterly;2013-09;2013;Q3;Manufacturing : Manufacturing excluding petroleum refining;53587.85
Quarterly;2013-09;2013;Q3;Finance, Insurance, Real Estate & Business Services;65350.49
Quarterly;2013-09;2013;Q3;Finance, Insurance, Real Estate & Business Services : Real Estate;37907.63
Quarterly;2013-09;2013;Q3;Net Taxes on Products;5645.0
Quarterly;2013-12;2013;Q4;Mining & Quarrying;308855.01
Quarterly;2013-12;2013;Q4;Mining & Quarrying : Crude Petroleum & Natural Gas;306625.57
Quarterly;2013-12;2013;Q4;Manufacturing : Petroleum Refining;16672.02
Quarterly;2013-12;2013;Q4;Construction;32742.55
Quarterly;2013-12;2013;Q4;Wholesale & Retail Trade, Restaurants & hotels;63131.29
Quarterly;2013-12;2013;Q4;Finance, Insurance, Real Estate & Business Services;68118.47
Quarterly;2013-12;2013;Q4;Finance, Insurance, Real Estate & Business Services : Real Estate;38170.83
Quarterly;2013-12;2013;Q4;Community, Social & Personal Services;13029.23
Quarterly;2014-03;2014;Q1;Agriculture, Forestry & Fishing;17798.73
Quarterly;2014-03;2014;Q1;Manufacturing : Petroleum Refining;16803.03
Quarterly;2014-03;2014;Q1;Finance, Insurance, Real Estate & Business Services;76686.35
Quarterly;2014-06;2014;Q2;Mining & Quarrying : Crude Petroleum & Natural Gas;307625.9
Quarterly;2014-06;2014;Q2;Mining & Quarrying : Other Mining & Quarrying;2662.05
Quarterly;2014-06;2014;Q2;Finance, Insurance, Real Estate & Business Services : Real Estate;40112.08
Quarterly;2014-06;2014;Q2;Government Services;97929.6
Quarterly;2014-06;2014;Q2;Gross Value Added;733717.69
Quarterly;2014-06;2014;Q2;Gross Domestic Product;739851.69
Quarterly;2014-09;2014;Q3;Transport, Storage & Communication;34039.27
Quarterly;2014-09;2014;Q3;Finance, Insurance, Real Estate & Business Services;71460.42
Quarterly;2014-09;2014;Q3;Community, Social & Personal Services;14832.77
Quarterly;2014-09;2014;Q3;Government Services;105021.24
Quarterly;2014-12;2014;Q4;Agriculture, Forestry & Fishing;14469.95
Quarterly;2014-12;2014;Q4;Mining & Quarrying : Crude Petroleum & Natural Gas;216103.67
Quarterly;2014-12;2014;Q4;Mining & Quarrying : Other Mining & Quarrying;2250.65
Quarterly;2014-12;2014;Q4;Manufacturing : Manufacturing excluding petroleum refining;59674.05
Quarterly;2014-12;2014;Q4;Finance, Insurance, Real Estate & Business Services : Real Estate;42099.42
Quarterly;2014-12;2014;Q4;Finance, Insurance, Real Estate & Business Services : Finance , Insurance and Business sevices;31335.24
Quarterly;2014-12;2014;Q4;Gross Value Added;641708.79
Quarterly;2015-03;2015;Q1;Transport, Storage & Communication;40514.21
Quarterly;2015-03;2015;Q1;Finance, Insurance, Real Estate & Business Services;79535.12
Quarterly;2015-03;2015;Q1;Community, Social & Personal Services;17774.06
Quarterly;2015-03;2015;Q1;Gross Value Added;650480.35
Quarterly;2015-06;2015;Q2;Agriculture, Forestry & Fishing;17956.23
Quarterly;2015-06;2015;Q2;Wholesale & Retail Trade, Restaurants & hotels;66751.06
Quarterly;2015-06;2015;Q2;Transport, Storage & Communication;38460.99
Quarterly;2015-09;2015;Q3;Mining & Quarrying;145923.56
Quarterly;2015-09;2015;Q3;Mining & Quarrying : Other Mining & Quarrying;2942.06
Quarterly;2015-09;2015;Q3;Manufacturing : Manufacturing excluding petroleum refining;63713.59
Quarterly;2015-09;2015;Q3;Net Taxes on Products;6693.0
Quarterly;2015-12;2015;Q4;Community, Social & Personal Services;17591.7
Quarterly;2015-12;2015;Q4;Net Taxes on Products;9826.0
Quarterly;2016-03;2016;Q1;Transport, Storage & Communication;41230.79
Quarterly;2016-03;2016;Q1;Community, Social & Personal Services;20567.81
Quarterly;2016-03;2016;Q1;Government Services;126219.04
Quarterly;2016-03;2016;Q1;Net Taxes on Products;3564.0
Quarterly;2016-06;2016;Q2;Mining & Quarrying;136251.45
Quarterly;2016-06;2016;Q2;Manufacturing : Manufacturing excluding petroleum refining;64832.03
Quarterly;2016-06;2016;Q2;Electricity, Gas and Water;10314.4
Quarterly;2016-09;2016;Q3;Agriculture, Forestry & Fishing;18528.12
Quarterly;2016-09;2016;Q3;Wholesale & Retail Trade, Restaurants & hotels;70899.26
Quarterly;2016-09;2016;Q3;Finance, Insurance, Real Estate & Business Services : Finance , Insurance and Business sevices;31859.66
Quarterly;2016-09;2016;Q3;Community, Social & Personal Services;19848.73
Quarterly;2016-12;2016;Q4;Manufacturing : Petroleum Refining;16934.93
Quarterly;2016-12;2016;Q4;Electricity, Gas and Water;6902.02
Quarterly;2016-12;2016;Q4;Community, Social & Personal Services;20324.28
Quarterly;2016-12;2016;Q4;Gross Domestic Product;655075.72
Quarterly;2017-03;2017;Q1;Mining & Quarrying : Other Mining & Quarrying;3128.45
Quarterly;2017-03;2017;Q1;Electricity, Gas and Water;4623.69
Quarterly;2017-06;2017;Q2;Agriculture, Forestry & Fishing;19766.18
Quarterly;2017-06;2017;Q2;Mining & Quarrying;152741.3
Quarterly;2017-06;2017;Q2;Finance, Insurance, Real Estate & Business Services : Finance , Insurance and Business sevices;35123.47
Quarterly;2017-06;2017;Q2;Government Services;120532.08
Quarterly;2017-06;2017;Q2;Net Taxes on Products;6535.0
Quarterly;2017-06;2017;Q2;Gross Domestic Product;650512.9
Quarterly;2017-09;2017;Q3;Electricity, Gas and Water;17080.05
Quarterly;2017-09;2017;Q3;Finance, Insurance, Real Estate & Business Services : Finance , Insurance and Business sevices;34046.47
Quarterly;2017-12;2017;Q4;Mining & Quarrying : Other Mining & Quarrying;2469.25
Quarterly;2017-12;2017;Q4;Manufacturing : Petroleum Refining;20857.14
Quarterly;2017-12;2017;Q4;Transport, Storage & Communication;43684.35
Quarterly;2017-12;2017;Q4;Gross Value Added;698268.18
Quarterly;2018-03;2018;Q1;Mining & Quarrying;210776.57
Quarterly;2018-03;2018;Q1;Mining & Quarrying : Other Mining & Quarrying;3385.45
Quarterly;2018-03;2018;Q1;Electricity, Gas and Water;5278.44
Quarterly;2018-03;2018;Q1;Gross Value Added;730150.71
Quarterly;2018-03;2018;Q1;Gross Domestic Product;749238.65
Quarterly;2018-06;2018;Q2;Agriculture, Forestry & Fishing;20264.78
Quarterly;2018-06;2018;Q2;Electricity, Gas and Water;12260.79
Quarterly;2018-06;2018;Q2;Construction;34863.88
Quarterly;2018-06;2018;Q2;Wholesale & Retail Trade, Restaurants & hotels;67068.58
Quarterly;2018-06;2018;Q2;Finance, Insurance, Real Estate & Business Services : Real Estate;50496.15
Quarterly;2018-06;2018;Q2;Government Services;149815.06
Quarterly;2018-06;2018;Q2;Gross Value Added;779994.3
Quarterly;2018-09;2018;Q3;Electricity, Gas and Water;17921.76
Quarterly;2018-09;2018;Q3;Finance, Insurance, Real Estate & Business Services;83172.42
Quarterly;2018-09;2018;Q3;Gross Value Added;778645.24
Quarterly;2018-09;2018;Q3;Gross Domestic Product;801495.77
Quarterly;2018-12;2018;Q4;Mining & Quarrying : Other Mining & Quarrying;2630.52
Quarterly;2018-12;2018;Q4;Electricity, Gas and Water;8503.81
Quarterly;2018-12;2018;Q4;Construction;36265.27
Quarterly;2018-12;2018;Q4;Transport, Storage & Communication;44294.0
Quarterly;2019-03;2019;Q1;Mining & Quarrying;199003.57
Quarterly;2019-03;2019;Q1;Mining & Quarrying : Crude Petroleum & Natural Gas;195389.64
Quarterly;2019-03;2019;Q1;Mining & Quarrying : Other Mining & Quarrying;3613.93
Quarterly;2019-03;2019;Q1;Electricity, Gas and Water;5848.4
Quarterly;2019-06;2019;Q2;Mining & Quarrying : Other Mining & Quarrying;3200.38
Quarterly;2019-06;2019;Q2;Manufacturing : Manufacturing excluding petroleum refining;68939.5
Quarterly;2019-06;2019;Q2;Finance, Insurance, Real Estate & Business Services : Finance , Insurance and Business sevices;38262.28
Quarterly;2019-06;2019;Q2;Net Taxes on Products;23234.97
Quarterly;2019-09;2019;Q3;Finance, Insurance, Real Estate & Business Services : Finance , Insurance and Business sevices;36625.64
Quarterly;2019-09;2019;Q3;Community, Social & Personal Services;24102.82
Quarterly;2019-09;2019;Q3;Government Services;140950.46
Quarterly;2019-09;2019;Q3;Gross Value Added;763350.36
Quarterly;2019-12;2019;Q4;Mining & Quarrying : Other Mining & Quarrying;2873.88
Quarterly;2019-12;2019;Q4;Manufacturing;99274.53
Quarterly;2019-12;2019;Q4;Finance, Insurance, Real Estate & Business Services : Finance , Insurance and Business sevices;41954.77
Quarterly;2020-03;2020;Q1;Mining & Quarrying;159598.64
Quarterly;2020-03;2020;Q1;Finance, Insurance, Real Estate & Business Services : Finance , Insurance and Business sevices;37396.09
Quarterly;2020-03;2020;Q1;Community, Social & Personal Services;23227.21
Quarterly;2020-03;2020;Q1;Government Services;143760.6
Quarterly;2020-06;2020;Q2;Mining & Quarrying;85831.66
Quarterly;2020-06;2020;Q2;Manufacturing : Manufacturing excluding petroleum refining;59880.89
Quarterly;2020-06;2020;Q2;Construction;35707.31
Quarterly;2020-06;2020;Q2;Finance, Insurance, Real Estate & Business Services;89125.54
Quarterly;2020-06;2020;Q2;Gross Value Added;573043.68
Quarterly;2020-09;2020;Q3;Mining & Quarrying;146818.58
Quarterly;2020-09;2020;Q3;Transport, Storage & Communication;39510.04
Quarterly;2020-09;2020;Q3;Finance, Insurance, Real Estate & Business Services;87099.72
Quarterly;2020-09;2020;Q3;Finance, Insurance, Real Estate & Business Services : Finance , Insurance and Business sevices;36605.97
Quarterly;2020-12;2020;Q4;Mining & Quarrying;143364.82
Quarterly;2020-12;2020;Q4;Mining & Quarrying : Crude Petroleum & Natural Gas;140347.02
Quarterly;2020-12;2020;Q4;Mining & Quarrying : Other Mining & Quarrying;3017.8
Quarterly;2020-12;2020;Q4;Manufacturing : Petroleum Refining;25486.9
Quarterly;2020-12;2020;Q4;Wholesale & Retail Trade, Restaurants & hotels;76266.37
Quarterly;2020-12;2020;Q4;Finance, Insurance, Real Estate & Business Services;95216.87
Quarterly;2021-03;2021;Q1;Mining & Quarrying : Other Mining & Quarrying;3996.39
Quarterly;2021-03;2021;Q1;Manufacturing : Petroleum Refining;29817.53
Quarterly;2021-03;2021;Q1;Transport, Storage & Communication;42206.17
Quarterly;2021-03;2021;Q1;Finance, Insurance, Real Estate & Business Services : Finance , Insurance and Business sevices;35546.72
Quarterly;2021-06;2021;Q2;Mining & Quarrying : Crude Petroleum & Natural Gas;180397.15
Quarterly;2021-06;2021;Q2;Mining & Quarrying : Other Mining & Quarrying;3712.17
Quarterly;2021-06;2021;Q2;Finance, Insurance, Real Estate & Business Services;90053.04
Quarterly;2021-06;2021;Q2;Finance, Insurance, Real Estate & Business Services : Finance , Insurance and Business sevices;37258.58
Quarterly;2021-06;2021;Q2;Gross Domestic Product;769954.34
Quarterly;2021-09;2021;Q3;Mining & Quarrying;222175.51
Quarterly;2021-09;2021;Q3;Manufacturing;110575.85
Quarterly;2021-09;2021;Q3;Finance, Insurance, Real Estate & Business Services;92352.77
Quarterly;2021-09;2021;Q3;Community, Social & Personal Services;21908.0
Quarterly;2021-09;2021;Q3;Gross Value Added;797463.77
Quarterly;2021-12;2021;Q4;Transport, Storage & Communication;49896.63
Quarterly;2022-03;2022;Q1;Agriculture, Forestry & Fishing;24236.49
Quarterly;2022-03;2022;Q1;Mining & Quarrying : Crude Petroleum & Natural Gas;305770.88
Quarterly;2022-03;2022;Q1;Manufacturing : Manufacturing excluding petroleum refining;87528.63
Quarterly;2022-03;2022;Q1;Construction;44813.87
Quarterly;2022-03;2022;Q1;Government Services;144333.0
Quarterly;2022-03;2022;Q1;Net Taxes on Products;52909.59
Quarterly;2022-06;2022;Q2;Wholesale & Retail Trade, Restaurants & hotels;81984.96
Quarterly;2022-06;2022;Q2;Finance, Insurance, Real Estate & Business Services : Finance , Insurance and Business sevices;42178.0
Quarterly;2022-09;2022;Q3;Manufacturing : Petroleum Refining;57265.43
Quarterly;2022-09;2022;Q3;Gross Value Added;1015569.12
Quarterly;2022-09;2022;Q3;Gross Domestic Product;1066284.44
Quarterly;2022-12;2022;Q4;Agriculture, Forestry & Fishing;24067.9
Quarterly;2022-12;2022;Q4;Transport, Storage & Communication;57442.5
Quarterly;2022-12;2022;Q4;Finance, Insurance, Real Estate & Business Services : Finance , Insurance and Business sevices;53561.19
Quarterly;2023-03;2023;Q1;Mining & Quarrying : Crude Petroleum & Natural Gas;267881.64
Quarterly;2023-03;2023;Q1;Mining & Quarrying : Other Mining & Quarrying;4699.28
Quarterly;2023-03;2023;Q1;Manufacturing : Petroleum Refining;59682.4
Quarterly;2023-03;2023;Q1;Finance, Insurance, Real Estate & Business Services;105329.51
Quarterly;2023-03;2023;Q1;Government Services;153523.41
Quarterly;2010-03;2010;Q1;Agriculture, Forestry & Fishing;14015.44
Quarterly;2010-03;2010;Q1;Manufacturing;53525.71
Quarterly;2010-03;2010;Q1;Manufacturing : Petroleum Refining;14398.66
Quarterly;2010-03;2010;Q1;Electricity, Gas and Water;2944.42
Quarterly;2010-03;2010;Q1;Gross Value Added;477076.46
Quarterly;2010-06;2010;Q2;Agriculture, Forestry & Fishing;13490.36
Quarterly;2010-06;2010;Q2;Finance, Insurance, Real Estate & Business Services;44811.19
Quarterly;2010-06;2010;Q2;Gross Domestic Product;477912.07
Quarterly;2010-09;2010;Q3;Finance, Insurance, Real Estate & Business Services;44064.78
Quarterly;2010-09;2010;Q3;Gross Domestic Product;479432.42
Quarterly;2010-12;2010;Q4;Construction;21393.01
Quarterly;2010-12;2010;Q4;Gross Value Added;539104.01
Quarterly;2010-12;2010;Q4;Net Taxes on Products;3900.0
Quarterly;2011-03;2011;Q1;Manufacturing : Petroleum Refining;14306.23
Quarterly;2011-03;2011;Q1;Gross Value Added;600002.11
Quarterly;2011-03;2011;Q1;Gross Domestic Product;603134.11
Quarterly;2011-06;2011;Q2;Mining & Quarrying : Other Mining & Quarrying;2215.39
Quarterly;2011-06;2011;Q2;Manufacturing : Petroleum Refining;16137.85
Quarterly;2011-06;2011;Q2;Construction;26764.81
Quarterly;2011-06;2011;Q2;Gross Domestic Product;637197.46
Quarterly;2011-09;2011;Q3;Mining & Quarrying : Crude Petroleum & Natural Gas;311123.76
Quarterly;2011-09;2011;Q3;Construction;27025.87
Quarterly;2011-09;2011;Q3;Wholesale & Retail Trade, Restaurants & hotels;47477.67
Quarterly;2011-09;2011;Q3;Finance, Insurance, Real Estate & Business Services : Finance , Insurance and Business sevices;23598.63
Quarterly;2011-09;2011;Q3;Net Taxes on Products;4994.0
Quarterly;2011-12;2011;Q4;Mining & Quarrying : Crude Petroleum & Natural Gas;323520.04
Quarterly;2011-12;2011;Q4;Mining & Quarrying : Other Mining & Quarrying;1890.9
Quarterly;2011-12;2011;Q4;Manufacturing;63175.41
Quarterly;2011-12;2011;Q4;Manufacturing : Petroleum Refining;17215.78
Quarterly;2011-12;2011;Q4;Wholesale & Retail Trade, Restaurants & hotels;51451.64
Quarterly;2011-12;2011;Q4;Gross Value Added;657023.37
Quarterly;2012-03;2012;Q1;Mining & Quarrying;351297.48
Quarterly;2012-03;2012;Q1;Construction;30216.58
Quarterly;2012-03;2012;Q1;Finance, Insurance, Real Estate & Business Services : Finance , Insurance and Business sevices;28195.07
Quarterly;2012-03;2012;Q1;Community, Social & Personal Services;11678.55
Quarterly;2012-06;2012;Q2;Manufacturing : Petroleum Refining;17306.86
Quarterly;2012-06;2012;Q2;Finance, Insurance, Real Estate & Business Services;57304.63
Quarterly;2012-06;2012;Q2;Gross Value Added;682413.9
Quarterly;2012-06;2012;Q2;Net Taxes on Products;5260.0
Quarterly;2012-06;2012;Q2;Gross Domestic Product;687673.9
Quarterly;2012-09;2012;Q3;Mining & Quarrying : Crude Petroleum & Natural Gas;310896.11
Quarterly;2012-09;2012;Q3;Manufacturing : Petroleum Refining;16387.11
Quarterly;2012-09;2012;Q3;Construction;29979.59
Quarterly;2012-09;2012;Q3;Wholesale & Retail Trade, Restaurants & hotels;52442.03
Quarterly;2012-09;2012;Q3;Government Services;95272.87
Quarterly;2012-09;2012;Q3;Net Taxes on Products;5757.0
Quarterly;2012-09;2012;Q3;Gross Domestic Product;686867.91
Quarterly;2012-12;2012;Q4;Agriculture, Forestry & Fishing;12674.62
Quarterly;2012-12;2012;Q4;Mining & Quarrying;315858.18
Quarterly;2012-12;2012;Q4;Manufacturing;66698.49
Quarterly;2012-12;2012;Q4;Manufacturing : Petroleum Refining;16537.51
Quarterly;2012-12;2012;Q4;Electricity, Gas and Water;5458.99
Quarterly;2012-12;2012;Q4;Finance, Insurance, Real Estate & Business Services;57857.79
Quarterly;2012-12;2012;Q4;Government Services;97507.32
Quarterly;2013-03;2013;Q1;Agriculture, Forestry & Fishing;16997.92
Quarterly;2013-03;2013;Q1;Mining & Quarrying;306621.14
Quarterly;2013-03;2013;Q1;Mining & Quarrying : Other Mining & Quarrying;2672.81
Quarterly;2013-03;2013;Q1;Manufacturing;72646.29
Quarterly;2013-03;2013;Q1;Net Taxes on Products;3014.0
Quarterly;2013-06;2013;Q2;Agriculture, Forestry & Fishing;16302.11
Quarterly;2013-06;2013;Q2;Manufacturing : Petroleum Refining;14354.13
Quarterly;2013-06;2013;Q2;Electricity, Gas and Water;8179.58
Quarterly;2013-06;2013;Q2;Transport, Storage & Communication;33249.37
Quarterly;2013-06;2013;Q2;Finance, Insurance, Real Estate & Business Services : Real Estate;37724.4
Quarterly;2013-09;2013;Q3;Manufacturing;69252.2
Quarterly;2013-09;2013;Q3;Transport, Storage & Communication;31803.82
Quarterly;2013-09;2013;Q3;Gross Value Added;701813.1
Quarterly;2013-09;2013;Q3;Gross Domestic Product;707458.1
Quarterly;2013-12;2013;Q4;Mining & Quarrying : Other Mining & Quarrying;2229.44
Quarterly;2013-12;2013;Q4;Finance, Insurance, Real Estate & Business Services : Finance , Insurance and Business sevices;29947.64
Quarterly;2014-03;2014;Q1;Gross Domestic Product;754283.63
Quarterly;2014-06;2014;Q2;Agriculture, Forestry & Fishing;17138.58
Quarterly;2014-06;2014;Q2;Electricity, Gas and Water;9320.24
Quarterly;2014-06;2014;Q2;Community, Social & Personal Services;15237.62
Quarterly;2014-09;2014;Q3;Agriculture, Forestry & Fishing;16385.4
Quarterly;2014-09;2014;Q3;Manufacturing : Petroleum Refining;18410.06
Quarterly;2014-09;2014;Q3;Manufacturing : Manufacturing excluding petroleum refining;59038.21
Quarterly;2014-09;2014;Q3;Electricity, Gas and Water;13204.53
Quarterly;2014-12;2014;Q4;Mining & Quarrying;218354.32
Quarterly;2014-12;2014;Q4;Manufacturing;78480.96
Quarterly;2014-12;2014;Q4;Electricity, Gas and Water;5838.24
Quarterly;2014-12;2014;Q4;Wholesale & Retail Trade, Restaurants & hotels;68740.78
Quarterly;2014-12;2014;Q4;Community, Social & Personal Services;15156.34
Quarterly;2014-12;2014;Q4;Gross Domestic Product;649121.79
Quarterly;2015-03;2015;Q1;Mining & Quarrying : Crude Petroleum & Natural Gas;148994.18
Quarterly;2015-03;2015;Q1;Mining & Quarrying : Other Mining & Quarrying;2989.39
Quarterly;2015-03;2015;Q1;Government Services;139561.25
Quarterly;2015-03;2015;Q1;Net Taxes on Products;4230.0
Quarterly;2015-06;2015;Q2;Community, Social & Personal Services;17660.42
Quarterly;2015-09;2015;Q3;Manufacturing : Petroleum Refining;16052.59
Quarterly;2015-09;2015;Q3;Wholesale & Retail Trade, Restaurants & hotels;70352.73
Quarterly;2015-12;2015;Q4;Manufacturing : Manufacturing excluding petroleum refining;64379.56
Quarterly;2015-12;2015;Q4;Wholesale & Retail Trade, Restaurants & hotels;72367.49
Quarterly;2015-12;2015;Q4;Finance, Insurance, Real Estate & Business Services;78039.71
Quarterly;2015-12;2015;Q4;Government Services;100757.25
Quarterly;2016-03;2016;Q1;Agriculture, Forestry & Fishing;19314.74
Quarterly;2016-03;2016;Q1;Construction;40336.95
Quarterly;2016-06;2016;Q2;Manufacturing : Petroleum Refining;15589.27
Quarterly;2016-06;2016;Q2;Transport, Storage & Communication;39976.57
Quarterly;2016-06;2016;Q2;Finance, Insurance, Real Estate & Business Services;81016.72
Quarterly;2016-09;2016;Q3;Mining & Quarrying : Crude Petroleum & Natural Gas;140512.93
Quarterly;2016-09;2016;Q3;Transport, Storage & Communication;37655.55
Quarterly;2016-09;2016;Q3;Gross Domestic Product;625046.18
Quarterly;2016-12;2016;Q4;Construction;39196.83
Quarterly;2016-12;2016;Q4;Transport, Storage & Communication;42206.5
Quarterly;2016-12;2016;Q4;Finance, Insurance, Real Estate & Business Services : Real Estate;47739.35
Quarterly;2017-03;2017;Q1;Mining & Quarrying : Crude Petroleum & Natural Gas;158870.52
Quarterly;2017-03;2017;Q1;Construction;39030.36
Quarterly;2017-03;2017;Q1;Wholesale & Retail Trade, Restaurants & hotels;72423.36
Quarterly;2017-03;2017;Q1;Finance, Insurance, Real Estate & Business Services;86463.02
Quarterly;2017-03;2017;Q1;Finance, Insurance, Real Estate & Business Services : Finance , Insurance and Business sevices;34445.78
Quarterly;2017-03;2017;Q1;Net Taxes on Products;4548.0
Quarterly;2017-06;2017;Q2;Gross Value Added;643977.9
Quarterly;2017-09;2017;Q3;Mining & Quarrying : Other Mining & Quarrying;3037.8
Quarterly;2017-09;2017;Q3;Finance, Insurance, Real Estate & Business Services : Real Estate;48347.32
Quarterly;2017-12;2017;Q4;Electricity, Gas and Water;7158.18
Quarterly;2017-12;2017;Q4;Community, Social & Personal Services;22866.7
Quarterly;2017-12;2017;Q4;Net Taxes on Products;5321.0
Quarterly;2018-03;2018;Q1;Community, Social & Personal Services;23958.1
Quarterly;2018-03;2018;Q1;Government Services;131850.98
Quarterly;2018-06;2018;Q2;Manufacturing : Manufacturing excluding petroleum refining;68369.36
Quarterly;2018-06;2018;Q2;Community, Social & Personal Services;24095.49
Quarterly;2018-09;2018;Q3;Manufacturing;98470.55
Quarterly;2018-09;2018;Q3;Manufacturing : Manufacturing excluding petroleum refining;69698.47
Quarterly;2018-12;2018;Q4;Agriculture, Forestry & Fishing;18036.03
Quarterly;2018-12;2018;Q4;Mining & Quarrying;256292.75
Quarterly;2018-12;2018;Q4;Finance, Insurance, Real Estate & Business Services;90231.28
Quarterly;2018-12;2018;Q4;Finance, Insurance, Real Estate & Business Services : Finance , Insurance and Business sevices;39161.45
Quarterly;2018-12;2018;Q4;Community, Social & Personal Services;23825.0
Quarterly;2018-12;2018;Q4;Net Taxes on Products;24217.45
Quarterly;2018-12;2018;Q4;Gross Domestic Product;825379.15
Quarterly;2019-03;2019;Q1;Manufacturing : Petroleum Refining;28208.98
Quarterly;2019-03;2019;Q1;Finance, Insurance, Real Estate & Business Services : Finance , Insurance and Business sevices;34626.3
Quarterly;2019-03;2019;Q1;Community, Social & Personal Services;24441.04
Quarterly;2019-03;2019;Q1;Government Services;141481.63
Quarterly;2019-03;2019;Q1;Net Taxes on Products;19079.33
Quarterly;2019-06;2019;Q2;Manufacturing;95624.27
Quarterly;2019-06;2019;Q2;Construction;37965.47
Quarterly;2019-06;2019;Q2;Finance, Insurance, Real Estate & Business Services;89182.88
Quarterly;2019-06;2019;Q2;Gross Value Added;765010.03
Quarterly;2019-09;2019;Q3;Mining & Quarrying : Crude Petroleum & Natural Gas;211883.0
Quarterly;2019-09;2019;Q3;Manufacturing : Petroleum Refining;25087.7
Quarterly;2019-09;2019;Q3;Manufacturing : Manufacturing excluding petroleum refining;71097.84
Quarterly;2019-09;2019;Q3;Gross Domestic Product;786409.44
Quarterly;2019-12;2019;Q4;Mining & Quarrying;222902.31
Quarterly;2019-12;2019;Q4;Gross Value Added;787735.33
Quarterly;2020-03;2020;Q1;Mining & Quarrying : Other Mining & Quarrying;3763.39
Quarterly;2020-03;2020;Q1;Net Taxes on Products;24929.86
Quarterly;2020-06;2020;Q2;Mining & Quarrying : Other Mining & Quarrying;3087.3
Quarterly;2020-06;2020;Q2;Manufacturing : Petroleum Refining;14094.79
Quarterly;2020-06;2020;Q2;Wholesale & Retail Trade, Restaurants & hotels;56773.14
Quarterly;2020-06;2020;Q2;Community, Social & Personal Services;20271.89
Quarterly;2020-06;2020;Q2;Government Services;143966.88
Quarterly;2020-06;2020;Q2;Net Taxes on Products;25277.14
Quarterly;2020-09;2020;Q3;Electricity, Gas and Water;17292.29
Quarterly;2020-12;2020;Q4;Construction;42264.38
Quarterly;2020-12;2020;Q4;Community, Social & Personal Services;22528.71
Quarterly;2020-12;2020;Q4;Net Taxes on Products;35998.75
Quarterly;2021-03;2021;Q1;Mining & Quarrying;152034.39
Quarterly;2021-03;2021;Q1;Electricity, Gas and Water;5040.91
Quarterly;2021-03;2021;Q1;Finance, Insurance, Real Estate & Business Services;90402.38
Quarterly;2021-03;2021;Q1;Government Services;142049.68
Quarterly;2021-06;2021;Q2;Agriculture, Forestry & Fishing;22074.62
Quarterly;2021-06;2021;Q2;Manufacturing;98973.87
Quarterly;2021-06;2021;Q2;Electricity, Gas and Water;10852.9
Quarterly;2021-06;2021;Q2;Construction;38067.94
Quarterly;2021-06;2021;Q2;Government Services;141967.76
Quarterly;2021-09;2021;Q3;Gross Domestic Product;846435.17
Quarterly;2021-12;2021;Q4;Mining & Quarrying : Crude Petroleum & Natural Gas;240347.87
Quarterly;2021-12;2021;Q4;Mining & Quarrying : Other Mining & Quarrying;3732.33
Quarterly;2021-12;2021;Q4;Finance, Insurance, Real Estate & Business Services;98555.05
Quarterly;2021-12;2021;Q4;Government Services;151020.56
Quarterly;2021-12;2021;Q4;Gross Value Added;850808.75
Quarterly;2022-03;2022;Q1;Electricity, Gas and Water;5101.4
Quarterly;2022-03;2022;Q1;Transport, Storage & Communication;47585.68
Quarterly;2022-03;2022;Q1;Finance, Insurance, Real Estate & Business Services : Real Estate;55226.75
Quarterly;2022-06;2022;Q2;Agriculture, Forestry & Fishing;25172.52
Quarterly;2022-06;2022;Q2;Mining & Quarrying : Crude Petroleum & Natural Gas;405843.71
Quarterly;2022-06;2022;Q2;Gross Value Added;1033727.95
Quarterly;2022-09;2022;Q3;Manufacturing;147841.76
Quarterly;2022-09;2022;Q3;Manufacturing : Manufacturing excluding petroleum refining;90576.33
Quarterly;2022-09;2022;Q3;Transport, Storage & Communication;48048.15
Quarterly;2022-09;2022;Q3;Finance, Insurance, Real Estate & Business Services : Finance , Insurance and Business sevices;47725.48
Quarterly;2022-09;2022;Q3;Community, Social & Personal Services;24712.22
Quarterly;2022-09;2022;Q3;Government Services;145999.17
Quarterly;2022-12;2022;Q4;Mining & Quarrying : Other Mining & Quarrying;4214.7
Quarterly;2022-12;2022;Q4;Manufacturing : Manufacturing excluding petroleum refining;92316.99
Quarterly;2022-12;2022;Q4;Gross Value Added;971147.68
Quarterly;2022-12;2022;Q4;Net Taxes on Products;52584.86
Quarterly;2023-03;2023;Q1;Manufacturing : Manufacturing excluding petroleum refining;97909.36
Quarterly;2023-03;2023;Q1;Electricity, Gas and Water;5044.09
Quarterly;2023-03;2023;Q1;Transport, Storage & Communication;52784.91
Quarterly;2023-03;2023;Q1;Finance, Insurance, Real Estate & Business Services : Real Estate;60125.81
Quarterly;2023-03;2023;Q1;Finance, Insurance, Real Estate & Business Services : Finance , Insurance and Business sevices;45203.69
Quarterly;2023-03;2023;Q1;Community, Social & Personal Services;29367.45
Quarterly;2023-03;2023;Q1;Gross Domestic Product;1004619.49
